id,GPT_result,0,title,text,Comment_level,User_name,Comment,parent_id,martha_explicit,indirect_female,human_lable
100,,,,,,,,,,,
101,,,,,,,,,,,
102,,,,,,,,,,,
103,,,,,,,,,,,
104,,,,,,,,,,,
105,,,,,,,,,,,
106,,,,,,,,,,,
107,,,,,,,,,,,
108,,,,,,,,,,,
109,,,,,,,,,,,
110,,,,,,,,,,,
111,,,,,,,,,,,
112,,,,,,,,,,,
113,,,,,,,,,,,
114,1.0,,,,,,,,,,
115,1.0,,,,,,,,,,
116,1.0,,,,,,,,,,
117,,,,,,,,,,,
119,,,,,,,,,,,
120,,,,,,,,,,,
121,,,,,,,,,,,
122,2.0,,,,,,,,,,
123,,,,,,,,,,,
124,1.0,,,,,,,,,,
125,1.0,,,,,,,,,,
126,,,,,,,,,,,
127,,,,,,,,,,,
128,1.0,,,,,,,,,,
129,,,,,,,,,,,
130,,,,,,,,,,,
131,1.0,,,,,,,,,,
132,,,,,,,,,,,
133,,,,,,,,,,,
134,,,,,,,,,,,
135,,,,,,,,,,,
136,,,,,,,,,,,
137,,,,,,,,,,,
138,,,,,,,,,,,
139,,,,,,,,,,,
140,,,,,,,,,,,
142,1.0,,,,,,,,,,
143,,,,,,,,,,,
144,,,,,,,,,,,
146,,,,,,,,,,,
147,,,,,,,,,,,
148,,,,,,,,,,,
149,,,,,,,,,,,
150,,,,,,,,,,,
151,,,,,,,,,,,
152,,,,,,,,,,,
153,,,,,,,,,,,
154,,,,,,,,,,,
155,2.0,,,,,,,,,,
156,,,,,,,,,,,
157,,,,,,,,,,,
158,,,,,,,,,,,
159,,,,,,,,,,,
160,,,,,,,,,,,
161,,,,,,,,,,,
162,,,,,,,,,,,
163,,,,,,,,,,,
164,,,,,,,,,,,
165,,,,,,,,,,,
166,,,,,,,,,,,
167,,,,,,,,,,,
168,,,,,,,,,,,
169,,,,,,,,,,,
170,,,,,,,,,,,
171,,,,,,,,,,,
174,,,,,,,,,,,
175,,,,,,,,,,,
176,,,,,,,,,,,
177,,,,,,,,,,,
178,1.0,,,,,,,,,,
179,,,,,,,,,,,
180,1.0,,,,,,,,,,
181,2.0,,,,,,,,,,
182,1.0,,,,,,,,,,
183,,,,,,,,,,,
184,,,,,,,,,,,
185,1.0,,,,,,,,,,
186,,,,,,,,,,,
187,,,,,,,,,,,
188,,,,,,,,,,,
189,,,,,,,,,,,
190,,,,,,,,,,,
191,1.0,,,,,,,,,,
192,1.0,,,,,,,,,,
193,1.0,,,,,,,,,,
194,1.0,,,,,,,,,,
195,1.0,,,,,,,,,,
196,,,,,,,,,,,
197,,,,,,,,,,,
198,,,,,,,,,,,
199,,,,,,,,,,,
200,,,,,,,,,,,
201,,,,,,,,,,,
202,1.0,,,,,,,,,,
203,1.0,,,,,,,,,,
204,,,,,,,,,,,
205,1.0,,,,,,,,,,
206,1.0,,,,,,,,,,
208,,,,,,,,,,,
209,,,,,,,,,,,
210,1.0,,,,,,,,,,
211,1.0,,,,,,,,,,
212,,,,,,,,,,,
213,1.0,,,,,,,,,,
214,,,,,,,,,,,
216,1.0,,,,,,,,,,
218,,,,,,,,,,,
219,,,,,,,,,,,
220,,,,,,,,,,,
221,,,,,,,,,,,
223,,,,,,,,,,,
224,1.0,,,,,,,,,,
225,,,,,,,,,,,
226,,,,,,,,,,,
227,,,,,,,,,,,
228,,,,,,,,,,,
229,,,,,,,,,,,
230,,,,,,,,,,,
231,,,,,,,,,,,
232,,,,,,,,,,,
234,,,,,,,,,,,
235,,,,,,,,,,,
236,,,,,,,,,,,
237,,,,,,,,,,,
238,,,,,,,,,,,
239,,,,,,,,,,,
240,,,,,,,,,,,
242,1.0,,,,,,,,,,
243,1.0,,,,,,,,,,
244,,,,,,,,,,,
245,,,,,,,,,,,
246,,,,,,,,,,,
247,,,,,,,,,,,
248,,,,,,,,,,,
249,,,,,,,,,,,
250,,,,,,,,,,,
251,,,,,,,,,,,
252,1.0,,,,,,,,,,
253,1.0,,,,,,,,,,
254,,,,,,,,,,,
255,,,,,,,,,,,
256,,,,,,,,,,,
257,1.0,,,,,,,,,,
258,,,,,,,,,,,
259,2.0,,,,,,,,,,
260,2.0,,,,,,,,,,
261,,,,,,,,,,,
262,2.0,,,,,,,,,,
263,,,,,,,,,,,
264,,,,,,,,,,,
265,,,,,,,,,,,
266,,,,,,,,,,,
267,,,,,,,,,,,
268,,,,,,,,,,,
269,,,,,,,,,,,
270,,,,,,,,,,,
272,1.0,,,,,,,,,,
273,,,,,,,,,,,
274,,,,,,,,,,,
275,,,,,,,,,,,
276,,,,,,,,,,,
277,1.0,,,,,,,,,,
278,1.0,,,,,,,,,,
279,2.0,,,,,,,,,,
280,,,,,,,,,,,
281,,,,,,,,,,,
282,,,,,,,,,,,
283,2.0,,,,,,,,,,
284,,,,,,,,,,,
285,2.0,,,,,,,,,,
286,,,,,,,,,,,
287,,,,,,,,,,,
288,,,,,,,,,,,
289,,,,,,,,,,,
292,,,,,,,,,,,
293,,,,,,,,,,,
294,,,,,,,,,,,
295,,,,,,,,,,,
296,2.0,,,,,,,,,,
297,,,,,,,,,,,
298,,,,,,,,,,,
299,1.0,,,,,,,,,,
300,,,,,,,,,,,
301,,,,,,,,,,,
303,,,,,,,,,,,
304,,,,,,,,,,,
305,,,,,,,,,,,
306,,,,,,,,,,,
307,,,,,,,,,,,
308,,,,,,,,,,,
309,,,,,,,,,,,
310,,,,,,,,,,,
311,,,,,,,,,,,
312,,,,,,,,,,,
314,,,,,,,,,,,
315,,,,,,,,,,,
316,,,,,,,,,,,
317,,,,,,,,,,,
318,,,,,,,,,,,
319,,,,,,,,,,,
320,,,,,,,,,,,
321,1.0,,,,,,,,,,
322,,,,,,,,,,,
323,,,,,,,,,,,
324,,,,,,,,,,,
325,,,,,,,,,,,
326,,,,,,,,,,,
327,,,,,,,,,,,
328,,,,,,,,,,,
329,,,,,,,,,,,
330,,,,,,,,,,,
331,,,,,,,,,,,
332,,,,,,,,,,,
333,,,,,,,,,,,
334,,,,,,,,,,,
335,1.0,,,,,,,,,,
336,,,,,,,,,,,
337,1.0,,,,,,,,,,
338,,,,,,,,,,,
339,,,,,,,,,,,
341,,,,,,,,,,,
342,,,,,,,,,,,
343,,,,,,,,,,,
344,1.0,,,,,,,,,,
345,,,,,,,,,,,
346,,,,,,,,,,,
347,2.0,,,,,,,,,,
348,,,,,,,,,,,
349,2.0,,,,,,,,,,
350,,,,,,,,,,,
352,,,,,,,,,,,
353,,,,,,,,,,,
354,,,,,,,,,,,
355,,,,,,,,,,,
356,,,,,,,,,,,
357,,,,,,,,,,,
358,,,,,,,,,,,
359,,,,,,,,,,,
360,,,,,,,,,,,
361,,,,,,,,,,,
362,,,,,,,,,,,
363,1.0,,,,,,,,,,
364,,,,,,,,,,,
365,,,,,,,,,,,
366,,,,,,,,,,,
368,1.0,,,,,,,,,,
369,,,,,,,,,,,
370,,,,,,,,,,,
371,,,,,,,,,,,
372,,,,,,,,,,,
373,,,,,,,,,,,
374,,,,,,,,,,,
375,,,,,,,,,,,
376,,,,,,,,,,,
377,,,,,,,,,,,
378,,,,,,,,,,,
379,,,,,,,,,,,
380,,,,,,,,,,,
381,,,,,,,,,,,
382,,,,,,,,,,,
383,1.0,,,,,,,,,,
384,,,,,,,,,,,
385,,,,,,,,,,,
386,,,,,,,,,,,
387,,,,,,,,,,,
388,,,,,,,,,,,
389,2.0,,,,,,,,,,
390,,,,,,,,,,,
391,2.0,,,,,,,,,,
392,,,,,,,,,,,
393,2.0,,,,,,,,,,
394,,,,,,,,,,,
395,,,,,,,,,,,
396,,,,,,,,,,,
397,,,,,,,,,,,
398,,,,,,,,,,,
399,,,,,,,,,,,
401,2.0,,,,,,,,,,
402,2.0,,,,,,,,,,
403,,,,,,,,,,,
404,,,,,,,,,,,
405,2.0,,,,,,,,,,
406,,,,,,,,,,,
407,,,,,,,,,,,
408,1.0,,,,,,,,,,
409,,,,,,,,,,,
411,,,,,,,,,,,
413,,,,,,,,,,,
414,,,,,,,,,,,
415,,,,,,,,,,,
417,,,,,,,,,,,
418,,,,,,,,,,,
419,,,,,,,,,,,
420,,,,,,,,,,,
421,,,,,,,,,,,
422,,,,,,,,,,,
423,,,,,,,,,,,
424,,,,,,,,,,,
425,,,,,,,,,,,
426,,,,,,,,,,,
427,,,,,,,,,,,
428,,,,,,,,,,,
429,,,,,,,,,,,
430,,,,,,,,,,,
431,,,,,,,,,,,
432,2.0,,,,,,,,,,
433,2.0,,,,,,,,,,
434,,,,,,,,,,,
435,,,,,,,,,,,
436,1.0,,,,,,,,,,
437,1.0,,,,,,,,,,
438,,,,,,,,,,,
439,,,,,,,,,,,
440,,,,,,,,,,,
442,,,,,,,,,,,
443,,,,,,,,,,,
444,,,,,,,,,,,
445,,,,,,,,,,,
446,,,,,,,,,,,
447,1.0,,,,,,,,,,
448,,,,,,,,,,,
449,,,,,,,,,,,
450,,,,,,,,,,,
451,,,,,,,,,,,
452,,,,,,,,,,,
453,,,,,,,,,,,
454,1.0,,,,,,,,,,
455,,,,,,,,,,,
456,,,,,,,,,,,
457,,,,,,,,,,,
458,,,,,,,,,,,
459,,,,,,,,,,,
460,2.0,,,,,,,,,,
461,2.0,,,,,,,,,,
463,,,,,,,,,,,
464,,,,,,,,,,,
465,,,,,,,,,,,
466,,,,,,,,,,,
467,,,,,,,,,,,
468,,,,,,,,,,,
469,2.0,,,,,,,,,,
470,,,,,,,,,,,
471,,,,,,,,,,,
472,,,,,,,,,,,
473,,,,,,,,,,,
474,,,,,,,,,,,
475,,,,,,,,,,,
476,,,,,,,,,,,
477,,,,,,,,,,,
478,,,,,,,,,,,
479,,,,,,,,,,,
480,,,,,,,,,,,
481,,,,,,,,,,,
482,,,,,,,,,,,
483,,,,,,,,,,,
484,,,,,,,,,,,
485,,,,,,,,,,,
486,,,,,,,,,,,
487,,,,,,,,,,,
488,,,,,,,,,,,
489,,,,,,,,,,,
490,,,,,,,,,,,
491,,,,,,,,,,,
492,,,,,,,,,,,
493,,,,,,,,,,,
494,2.0,,,,,,,,,,
495,,,,,,,,,,,
496,,,,,,,,,,,
497,,,,,,,,,,,
498,2.0,,,,,,,,,,
499,2.0,,,,,,,,,,
501,,,,,,,,,,,
503,,,,,,,,,,,
504,,,,,,,,,,,
505,,,,,,,,,,,
506,,,,,,,,,,,
507,,,,,,,,,,,
508,,,,,,,,,,,
509,,,,,,,,,,,
510,,,,,,,,,,,
511,,,,,,,,,,,
512,,,,,,,,,,,
513,,,,,,,,,,,
514,,,,,,,,,,,
515,,,,,,,,,,,
516,,,,,,,,,,,
517,,,,,,,,,,,
518,,,,,,,,,,,
519,,,,,,,,,,,
520,,,,,,,,,,,
521,,,,,,,,,,,
522,,,,,,,,,,,
523,,,,,,,,,,,
524,,,,,,,,,,,
525,,,,,,,,,,,
526,,,,,,,,,,,
527,,,,,,,,,,,
528,,,,,,,,,,,
529,,,,,,,,,,,
530,,,,,,,,,,,
531,,,,,,,,,,,
532,,,,,,,,,,,
533,,,,,,,,,,,
534,,,,,,,,,,,
535,,,,,,,,,,,
536,,,,,,,,,,,
537,,,,,,,,,,,
538,,,,,,,,,,,
539,,,,,,,,,,,
540,,,,,,,,,,,
541,,,,,,,,,,,
542,,,,,,,,,,,
543,,,,,,,,,,,
544,,,,,,,,,,,
545,,,,,,,,,,,
546,,,,,,,,,,,
547,,,,,,,,,,,
548,,,,,,,,,,,
549,,,,,,,,,,,
550,1.0,,,,,,,,,,
551,,,,,,,,,,,
552,,,,,,,,,,,
553,,,,,,,,,,,
554,1.0,,,,,,,,,,
555,,,,,,,,,,,
556,,,,,,,,,,,
557,,,,,,,,,,,
558,,,,,,,,,,,
559,,,,,,,,,,,
560,,,,,,,,,,,
561,,,,,,,,,,,
562,,,,,,,,,,,
563,,,,,,,,,,,
564,,,,,,,,,,,
565,,,,,,,,,,,
566,,,,,,,,,,,
567,,,,,,,,,,,
568,,,,,,,,,,,
569,,,,,,,,,,,
570,,,,,,,,,,,
571,,,,,,,,,,,
572,,,,,,,,,,,
573,,,,,,,,,,,
574,,,,,,,,,,,
575,,,,,,,,,,,
576,,,,,,,,,,,
577,,,,,,,,,,,
578,,,,,,,,,,,
579,,,,,,,,,,,
580,,,,,,,,,,,
581,,,,,,,,,,,
582,,,,,,,,,,,
583,,,,,,,,,,,
585,,,,,,,,,,,
586,,,,,,,,,,,
587,,,,,,,,,,,
588,,,,,,,,,,,
589,,,,,,,,,,,
590,,,,,,,,,,,
591,,,,,,,,,,,
592,,,,,,,,,,,
593,,,,,,,,,,,
594,,,,,,,,,,,
595,,,,,,,,,,,
596,,,,,,,,,,,
597,,,,,,,,,,,
598,,,,,,,,,,,
599,,,,,,,,,,,
600,,,,,,,,,,,
601,,,,,,,,,,,
602,,,,,,,,,,,
603,,,,,,,,,,,
604,,,,,,,,,,,
605,,,,,,,,,,,
606,,,,,,,,,,,
607,,,,,,,,,,,
608,,,,,,,,,,,
609,,,,,,,,,,,
610,,,,,,,,,,,
611,,,,,,,,,,,
612,,,,,,,,,,,
613,,,,,,,,,,,
614,,,,,,,,,,,
615,,,,,,,,,,,
616,,,,,,,,,,,
617,,,,,,,,,,,
618,,,,,,,,,,,
619,,,,,,,,,,,
620,,,,,,,,,,,
621,,,,,,,,,,,
622,,,,,,,,,,,
623,,,,,,,,,,,
624,,,,,,,,,,,
625,,,,,,,,,,,
627,,,,,,,,,,,
628,,,,,,,,,,,
629,,,,,,,,,,,
630,,,,,,,,,,,
631,,,,,,,,,,,
632,,,,,,,,,,,
633,,,,,,,,,,,
634,,,,,,,,,,,
635,,,,,,,,,,,
636,,,,,,,,,,,
637,,,,,,,,,,,
638,,,,,,,,,,,
639,,,,,,,,,,,
640,,,,,,,,,,,
641,,,,,,,,,,,
642,,,,,,,,,,,
643,,,,,,,,,,,
644,,,,,,,,,,,
645,,,,,,,,,,,
646,,,,,,,,,,,
647,,,,,,,,,,,
648,,,,,,,,,,,
649,,,,,,,,,,,
651,,,,,,,,,,,
652,,,,,,,,,,,
653,,,,,,,,,,,
654,,,,,,,,,,,
655,,,,,,,,,,,
656,,,,,,,,,,,
657,,,,,,,,,,,
658,,,,,,,,,,,
659,,,,,,,,,,,
660,,,,,,,,,,,
661,,,,,,,,,,,
662,,,,,,,,,,,
663,,,,,,,,,,,
664,,,,,,,,,,,
665,,,,,,,,,,,
666,,,,,,,,,,,
667,,,,,,,,,,,
668,,,,,,,,,,,
669,,,,,,,,,,,
670,,,,,,,,,,,
671,,,,,,,,,,,
672,,,,,,,,,,,
673,,,,,,,,,,,
674,,,,,,,,,,,
675,,,,,,,,,,,
676,,,,,,,,,,,
677,,,,,,,,,,,
678,,,,,,,,,,,
679,,,,,,,,,,,
680,,,,,,,,,,,
681,,,,,,,,,,,
682,,,,,,,,,,,
683,,,,,,,,,,,
684,,,,,,,,,,,
685,,,,,,,,,,,
686,,,,,,,,,,,
687,,,,,,,,,,,
688,,,,,,,,,,,
689,,,,,,,,,,,
690,,,,,,,,,,,
691,,,,,,,,,,,
692,,,,,,,,,,,
693,,,,,,,,,,,
694,,,,,,,,,,,
695,,,,,,,,,,,
696,,,,,,,,,,,
697,,,,,,,,,,,
698,,,,,,,,,,,
699,,,,,,,,,,,
700,,,,,,,,,,,
701,,,,,,,,,,,
702,,,,,,,,,,,
703,,,,,,,,,,,
704,,,,,,,,,,,
705,,,,,,,,,,,
706,,,,,,,,,,,
707,,,,,,,,,,,
708,,,,,,,,,,,
709,,,,,,,,,,,
710,,,,,,,,,,,
711,,,,,,,,,,,
712,,,,,,,,,,,
713,,,,,,,,,,,
714,,,,,,,,,,,
715,,,,,,,,,,,
716,,,,,,,,,,,
717,,,,,,,,,,,
718,,,,,,,,,,,
719,,,,,,,,,,,
720,,,,,,,,,,,
721,,,,,,,,,,,
722,,,,,,,,,,,
723,,,,,,,,,,,
724,,,,,,,,,,,
725,,,,,,,,,,,
726,,,,,,,,,,,
727,,,,,,,,,,,
728,,,,,,,,,,,
729,,,,,,,,,,,
730,,,,,,,,,,,
731,,,,,,,,,,,
732,,,,,,,,,,,
733,,,,,,,,,,,
734,,,,,,,,,,,
735,,,,,,,,,,,
736,,,,,,,,,,,
737,,,,,,,,,,,
738,,,,,,,,,,,
739,,,,,,,,,,,
740,,,,,,,,,,,
741,,,,,,,,,,,
742,,,,,,,,,,,
743,,,,,,,,,,,
744,,,,,,,,,,,
745,,,,,,,,,,,
746,,,,,,,,,,,
747,,,,,,,,,,,
748,,,,,,,,,,,
749,,,,,,,,,,,
750,,,,,,,,,,,
751,,,,,,,,,,,
752,,,,,,,,,,,
753,,,,,,,,,,,
754,,,,,,,,,,,
755,,,,,,,,,,,
756,,,,,,,,,,,
757,,,,,,,,,,,
758,,,,,,,,,,,
759,,,,,,,,,,,
760,,,,,,,,,,,
761,,,,,,,,,,,
762,,,,,,,,,,,
763,,,,,,,,,,,
764,,,,,,,,,,,
765,,,,,,,,,,,
766,,,,,,,,,,,
767,,,,,,,,,,,
768,,,,,,,,,,,
769,,,,,,,,,,,
770,,,,,,,,,,,
771,,,,,,,,,,,
772,,,,,,,,,,,
773,,,,,,,,,,,
774,,,,,,,,,,,
775,,,,,,,,,,,
776,,,,,,,,,,,
777,,,,,,,,,,,
778,,,,,,,,,,,
779,,,,,,,,,,,
780,,,,,,,,,,,
781,,,,,,,,,,,
782,,,,,,,,,,,
783,,,,,,,,,,,
785,,,,,,,,,,,
786,,,,,,,,,,,
787,2.0,,,,,,,,,,
788,,,,,,,,,,,
789,,,,,,,,,,,
790,,,,,,,,,,,
791,,,,,,,,,,,
792,,,,,,,,,,,
793,,,,,,,,,,,
794,,,,,,,,,,,
795,,,,,,,,,,,
796,,,,,,,,,,,
797,,,,,,,,,,,
798,,,,,,,,,,,
799,,,,,,,,,,,
800,,,,,,,,,,,
801,,,,,,,,,,,
802,,,,,,,,,,,
803,,,,,,,,,,,
804,,,,,,,,,,,
805,,,,,,,,,,,
806,,,,,,,,,,,
807,,,,,,,,,,,
808,,,,,,,,,,,
809,,,,,,,,,,,
810,,,,,,,,,,,
811,,,,,,,,,,,
812,,,,,,,,,,,
813,,,,,,,,,,,
814,,,,,,,,,,,
815,,,,,,,,,,,
816,,,,,,,,,,,
817,,,,,,,,,,,
818,,,,,,,,,,,
819,,,,,,,,,,,
820,,,,,,,,,,,
821,,,,,,,,,,,
822,,,,,,,,,,,
823,,,,,,,,,,,
824,,,,,,,,,,,
825,,,,,,,,,,,
826,,,,,,,,,,,
827,,,,,,,,,,,
828,,,,,,,,,,,
829,,,,,,,,,,,
830,,,,,,,,,,,
831,,,,,,,,,,,
832,,,,,,,,,,,
833,,,,,,,,,,,
834,,,,,,,,,,,
835,,,,,,,,,,,
836,,,,,,,,,,,
837,,,,,,,,,,,
838,,,,,,,,,,,
839,,,,,,,,,,,
840,,,,,,,,,,,
841,,,,,,,,,,,
843,,,,,,,,,,,
844,,,,,,,,,,,
845,,,,,,,,,,,
846,,,,,,,,,,,
847,,,,,,,,,,,
848,,,,,,,,,,,
849,,,,,,,,,,,
850,,,,,,,,,,,
851,,,,,,,,,,,
852,,,,,,,,,,,
853,,,,,,,,,,,
854,,,,,,,,,,,
855,,,,,,,,,,,
856,,,,,,,,,,,
857,,,,,,,,,,,
858,,,,,,,,,,,
859,,,,,,,,,,,
860,,,,,,,,,,,
861,,,,,,,,,,,
862,,,,,,,,,,,
863,,,,,,,,,,,
864,,,,,,,,,,,
865,,,,,,,,,,,
866,,,,,,,,,,,
867,1.0,,,,,,,,,,
868,,,,,,,,,,,
869,,,,,,,,,,,
870,,,,,,,,,,,
871,,,,,,,,,,,
872,1.0,,,,,,,,,,
873,,,,,,,,,,,
874,,,,,,,,,,,
876,1.0,,,,,,,,,,
877,,,,,,,,,,,
878,,,,,,,,,,,
879,,,,,,,,,,,
880,,,,,,,,,,,
881,,,,,,,,,,,
882,,,,,,,,,,,
883,,,,,,,,,,,
884,,,,,,,,,,,
885,,,,,,,,,,,
886,,,,,,,,,,,
887,,,,,,,,,,,
888,,,,,,,,,,,
889,,,,,,,,,,,
891,1.0,,,,,,,,,,
892,1.0,,,,,,,,,,
893,1.0,,,,,,,,,,
894,1.0,,,,,,,,,,
895,,,,,,,,,,,
896,,,,,,,,,,,
897,,,,,,,,,,,
898,,,,,,,,,,,
899,,,,,,,,,,,
900,,,,,,,,,,,
901,,,,,,,,,,,
902,,,,,,,,,,,
903,1.0,,,,,,,,,,
905,1.0,,,,,,,,,,
906,,,,,,,,,,,
907,,,,,,,,,,,
908,,,,,,,,,,,
909,,,,,,,,,,,
910,,,,,,,,,,,
911,1.0,,,,,,,,,,
912,,,,,,,,,,,
913,,,,,,,,,,,
914,,,,,,,,,,,
915,,,,,,,,,,,
916,,,,,,,,,,,
917,,,,,,,,,,,
918,,,,,,,,,,,
919,,,,,,,,,,,
920,,,,,,,,,,,
922,,,,,,,,,,,
923,,,,,,,,,,,
924,1.0,,,,,,,,,,
925,,,,,,,,,,,
926,,,,,,,,,,,
927,1.0,,,,,,,,,,
928,,,,,,,,,,,
929,,,,,,,,,,,
930,,,,,,,,,,,
931,,,,,,,,,,,
932,,,,,,,,,,,
933,,,,,,,,,,,
934,,,,,,,,,,,
935,,,,,,,,,,,
936,,,,,,,,,,,
937,,,,,,,,,,,
938,,,,,,,,,,,
940,,,,,,,,,,,
941,,,,,,,,,,,
943,1.0,,,,,,,,,,
944,1.0,,,,,,,,,,
945,1.0,,,,,,,,,,
946,1.0,,,,,,,,,,
947,1.0,,,,,,,,,,
949,,,,,,,,,,,
951,,,,,,,,,,,
953,,,,,,,,,,,
954,,,,,,,,,,,
955,,,,,,,,,,,
956,,,,,,,,,,,
957,,,,,,,,,,,
958,,,,,,,,,,,
959,,,,,,,,,,,
960,,,,,,,,,,,
961,,,,,,,,,,,
963,,,,,,,,,,,
964,,,,,,,,,,,
965,,,,,,,,,,,
966,,,,,,,,,,,
967,,,,,,,,,,,
968,,,,,,,,,,,
969,,,,,,,,,,,
970,,,,,,,,,,,
972,2.0,,,,,,,,,,
973,,,,,,,,,,,
974,,,,,,,,,,,
975,,,,,,,,,,,
976,,,,,,,,,,,
977,,,,,,,,,,,
978,,,,,,,,,,,
979,,,,,,,,,,,
980,,,,,,,,,,,
981,,,,,,,,,,,
982,,,,,,,,,,,
983,,,,,,,,,,,
984,,,,,,,,,,,
985,,,,,,,,,,,
986,,,,,,,,,,,
987,,,,,,,,,,,
988,,,,,,,,,,,
989,,,,,,,,,,,
990,,,,,,,,,,,
992,,,,,,,,,,,
993,,,,,,,,,,,
994,,,,,,,,,,,
995,,,,,,,,,,,
996,,,,,,,,,,,
998,,,,,,,,,,,
999,,,,,,,,,,,
1000,,,,,,,,,,,
1001,,,,,,,,,,,
1002,,,,,,,,,,,
1003,,,,,,,,,,,
1004,,,,,,,,,,,
1005,,,,,,,,,,,
1007,1.0,,,,,,,,,,
1008,,,,,,,,,,,
1010,,,,,,,,,,,
1011,1.0,,,,,,,,,,
1012,,,,,,,,,,,
1013,,,,,,,,,,,
1014,,,,,,,,,,,
1017,,,,,,,,,,,
1018,,,,,,,,,,,
1019,,,,,,,,,,,
1020,,,,,,,,,,,
1021,,,,,,,,,,,
1023,,,,,,,,,,,
1024,,,,,,,,,,,
1025,,,,,,,,,,,
1026,1.0,,,,,,,,,,
1027,1.0,,,,,,,,,,
1028,,,,,,,,,,,
1029,,,,,,,,,,,
1031,,,,,,,,,,,
1032,,,,,,,,,,,
1033,,,,,,,,,,,
1034,,,,,,,,,,,
1035,,,,,,,,,,,
1036,,,,,,,,,,,
1037,,,,,,,,,,,
1038,,,,,,,,,,,
1039,,,,,,,,,,,
1040,,,,,,,,,,,
1041,,,,,,,,,,,
1042,,,,,,,,,,,
1043,,,,,,,,,,,
1044,,,,,,,,,,,
1045,,,,,,,,,,,
1046,,,,,,,,,,,
1047,,,,,,,,,,,
1048,,,,,,,,,,,
1049,,,,,,,,,,,
1050,,,,,,,,,,,
1051,,,,,,,,,,,
1052,,,,,,,,,,,
1053,,,,,,,,,,,
1054,,,,,,,,,,,
1055,,,,,,,,,,,
1056,,,,,,,,,,,
1057,,,,,,,,,,,
1058,,,,,,,,,,,
1059,,,,,,,,,,,
1064,,,,,,,,,,,
1065,,,,,,,,,,,
1066,,,,,,,,,,,
1067,,,,,,,,,,,
1068,,,,,,,,,,,
1069,,,,,,,,,,,
1070,,,,,,,,,,,
1071,,,,,,,,,,,
1072,,,,,,,,,,,
1073,,,,,,,,,,,
1074,,,,,,,,,,,
1075,,,,,,,,,,,
1076,,,,,,,,,,,
1077,,,,,,,,,,,
1078,,,,,,,,,,,
1080,,,,,,,,,,,
1081,,,,,,,,,,,
1082,,,,,,,,,,,
1083,,,,,,,,,,,
1084,,,,,,,,,,,
1085,,,,,,,,,,,
1086,,,,,,,,,,,
1087,,,,,,,,,,,
1088,,,,,,,,,,,
1089,,,,,,,,,,,
1090,,,,,,,,,,,
1091,,,,,,,,,,,
1092,,,,,,,,,,,
1093,,,,,,,,,,,
1094,,,,,,,,,,,
1095,,,,,,,,,,,
1096,,,,,,,,,,,
1097,,,,,,,,,,,
1098,,,,,,,,,,,
1099,,,,,,,,,,,
1100,,,,,,,,,,,
1101,,,,,,,,,,,
1102,2.0,,,,,,,,,,
1103,,,,,,,,,,,
1104,,,,,,,,,,,
1105,,,,,,,,,,,
1106,,,,,,,,,,,
1107,,,,,,,,,,,
1108,,,,,,,,,,,
1109,,,,,,,,,,,
1110,,,,,,,,,,,
1111,,,,,,,,,,,
1112,,,,,,,,,,,
1113,,,,,,,,,,,
1114,,,,,,,,,,,
1115,,,,,,,,,,,
1116,,,,,,,,,,,
1117,,,,,,,,,,,
1118,,,,,,,,,,,
1119,,,,,,,,,,,
1120,,,,,,,,,,,
1121,,,,,,,,,,,
1122,,,,,,,,,,,
1123,,,,,,,,,,,
1124,,,,,,,,,,,
1125,,,,,,,,,,,
1126,,,,,,,,,,,
1127,,,,,,,,,,,
1128,,,,,,,,,,,
1129,,,,,,,,,,,
1130,1.0,,,,,,,,,,
1131,,,,,,,,,,,
1132,,,,,,,,,,,
1133,,,,,,,,,,,
1134,,,,,,,,,,,
1135,,,,,,,,,,,
1136,,,,,,,,,,,
1137,,,,,,,,,,,
1138,,,,,,,,,,,
1139,,,,,,,,,,,
1141,,,,,,,,,,,
1142,,,,,,,,,,,
1143,,,,,,,,,,,
1144,,,,,,,,,,,
1145,,,,,,,,,,,
1146,,,,,,,,,,,
1147,,,,,,,,,,,
1148,,,,,,,,,,,
1149,,,,,,,,,,,
1151,,,,,,,,,,,
1152,,,,,,,,,,,
1153,,,,,,,,,,,
1154,,,,,,,,,,,
1155,,,,,,,,,,,
1156,,,,,,,,,,,
1157,1.0,,,,,,,,,,
1158,,,,,,,,,,,
1159,,,,,,,,,,,
1160,,,,,,,,,,,
1161,,,,,,,,,,,
1162,,,,,,,,,,,
1163,2.0,,,,,,,,,,
1164,2.0,,,,,,,,,,
1165,,,,,,,,,,,
1166,,,,,,,,,,,
1167,,,,,,,,,,,
1170,,,,,,,,,,,
1171,,,,,,,,,,,
1172,,,,,,,,,,,
1173,,,,,,,,,,,
1174,,,,,,,,,,,
1175,,,,,,,,,,,
1176,,,,,,,,,,,
1177,,,,,,,,,,,
1178,,,,,,,,,,,
1179,,,,,,,,,,,
1180,,,,,,,,,,,
1181,,,,,,,,,,,
1182,,,,,,,,,,,
1183,,,,,,,,,,,
1184,,,,,,,,,,,
1185,1.0,,,,,,,,,,
1186,,,,,,,,,,,
1187,,,,,,,,,,,
1191,,,,,,,,,,,
1192,,,,,,,,,,,
1193,,,,,,,,,,,
1194,,,,,,,,,,,
1196,,,,,,,,,,,
1197,,,,,,,,,,,
1198,,,,,,,,,,,
1200,,,,,,,,,,,
1201,,,,,,,,,,,
1202,,,,,,,,,,,
1203,,,,,,,,,,,
1204,,,,,,,,,,,
1205,,,,,,,,,,,
1206,,,,,,,,,,,
1207,,,,,,,,,,,
1208,,,,,,,,,,,
1209,,,,,,,,,,,
1210,,,,,,,,,,,
1211,,,,,,,,,,,
1212,,,,,,,,,,,
1213,,,,,,,,,,,
1214,,,,,,,,,,,
1215,,,,,,,,,,,
1216,,,,,,,,,,,
1217,,,,,,,,,,,
1218,,,,,,,,,,,
1219,,,,,,,,,,,
1220,,,,,,,,,,,
1221,,,,,,,,,,,
1222,,,,,,,,,,,
1223,,,,,,,,,,,
1224,,,,,,,,,,,
1225,,,,,,,,,,,
1226,,,,,,,,,,,
1227,,,,,,,,,,,
1228,,,,,,,,,,,
1229,,,,,,,,,,,
1230,1.0,,,,,,,,,,
1231,1.0,,,,,,,,,,
1232,,,,,,,,,,,
1233,,,,,,,,,,,
1234,,,,,,,,,,,
1235,,,,,,,,,,,
1236,,,,,,,,,,,
1237,,,,,,,,,,,
118,1,"Baby Reindeer | S1E01 | Episode Discussion 	2	Impossible_Ad47	*edit. The craziest thing is he used to do the thing she was doing on the piers Morgan interview too - would say hmmmm as I was speaking bc he was already thinking about the next thing he was going to say. I think itâ€™s being very smart and being a compulsive liar.	
", S1E01 ," 	2	Impossible_Ad47	*edit. The craziest thing is he used to do the thing she was doing on the piers Morgan interview too - would say hmmmm as I was speaking bc he was already thinking about the next thing he was going to say. I think itâ€™s being very smart and being a compulsive liar.	
",2.0,Impossible_Ad47,*edit. The craziest thing is he used to do the thing she was doing on the piers Morgan interview too - would say hmmmm as I was speaking bc he was already thinking about the next thing he was going to say. I think itâ€™s being very smart and being a compulsive liar.,115.0,0.0,1.0,
141,1,"Baby Reindeer | S1E01 | Episode Discussion 	2	Lampukistan2	Itâ€™s creepy coming out of her mouth. But out of a genuine loverâ€™s mouth it can feel very heartfelt. https://youtu.be/b7GhrUaNDAI?si=BoFlA1SxFKdTxQpk Like this song.	
", S1E01 ," 	2	Lampukistan2	Itâ€™s creepy coming out of her mouth. But out of a genuine loverâ€™s mouth it can feel very heartfelt. https://youtu.be/b7GhrUaNDAI?si=BoFlA1SxFKdTxQpk Like this song.	
",2.0,Lampukistan2,Itâ€™s creepy coming out of her mouth. But out of a genuine loverâ€™s mouth it can feel very heartfelt. https://youtu.be/b7GhrUaNDAI?si=BoFlA1SxFKdTxQpk Like this song.,135.0,0.0,1.0,
145,1,"Baby Reindeer | S1E01 | Episode Discussion 	1	Potatosmom94	I had a friend that used to say she wanted to shrink me down and keep me on her keychain or in her pocket. We started referring to certain people as keychain friends or pocket people.	
", S1E01 ," 	1	Potatosmom94	I had a friend that used to say she wanted to shrink me down and keep me on her keychain or in her pocket. We started referring to certain people as keychain friends or pocket people.	
",1.0,Potatosmom94,I had a friend that used to say she wanted to shrink me down and keep me on her keychain or in her pocket. We started referring to certain people as keychain friends or pocket people.,134.0,0.0,1.0,
172,1,"Baby Reindeer | S1E01 | Episode Discussion 	1	Fluffy_Yesterday_468	Even the cop's comment is basically this. I get that they were sort of friends in the beginning, and that he's getting something from her, but c'mon this is weird	
", S1E01 ," 	1	Fluffy_Yesterday_468	Even the cop's comment is basically this. I get that they were sort of friends in the beginning, and that he's getting something from her, but c'mon this is weird	
",1.0,Fluffy_Yesterday_468,"Even the cop's comment is basically this. I get that they were sort of friends in the beginning, and that he's getting something from her, but c'mon this is weird",147.0,0.0,1.0,
173,1,"Baby Reindeer | S1E01 | Episode Discussion 	1	alliandoalice	He needs to block her what is he doing ðŸ˜­ðŸ˜­ðŸ˜­	
", S1E01 ," 	1	alliandoalice	He needs to block her what is he doing ðŸ˜­ðŸ˜­ðŸ˜­	
",1.0,alliandoalice,He needs to block her what is he doing ðŸ˜­ðŸ˜­ðŸ˜­,147.0,0.0,1.0,
207,1,"Baby Reindeer | S1E01 | Episode Discussion 	5	alliandoalice	Canâ€™t stand him ðŸ˜­ or her either	
", S1E01 ," 	5	alliandoalice	Canâ€™t stand him ðŸ˜­ or her either	
",5.0,alliandoalice,Canâ€™t stand him ðŸ˜­ or her either,206.0,0.0,1.0,
215,1,"Baby Reindeer | S1E01 | Episode Discussion 	0	Bowiefan73	I understand his insecurities and his needing validation from another person. She is not the most attractive person, but her messy place would have made me run, if I were his character.	
", S1E01 ," 	0	Bowiefan73	I understand his insecurities and his needing validation from another person. She is not the most attractive person, but her messy place would have made me run, if I were his character.	
",0.0,Bowiefan73,"I understand his insecurities and his needing validation from another person. She is not the most attractive person, but her messy place would have made me run, if I were his character.",,0.0,1.0,
217,1,"Baby Reindeer | S1E01 | Episode Discussion 	0	badvibin	This was so painful to watch. I don't want to victim blame but this man is enabling her... She's shown time and time again how unwell she is and he's just playing along? I'm dumbfounded.	
", S1E01 ," 	0	badvibin	This was so painful to watch. I don't want to victim blame but this man is enabling her... She's shown time and time again how unwell she is and he's just playing along? I'm dumbfounded.	
",0.0,badvibin,This was so painful to watch. I don't want to victim blame but this man is enabling her... She's shown time and time again how unwell she is and he's just playing along? I'm dumbfounded.,,0.0,1.0,
222,1,"Baby Reindeer | S1E01 | Episode Discussion 	0	alliandoalice	Man he is leading her on HARD itâ€™s aggravating	
", S1E01 ," 	0	alliandoalice	Man he is leading her on HARD itâ€™s aggravating	
",0.0,alliandoalice,Man he is leading her on HARD itâ€™s aggravating,,0.0,1.0,
233,1,"Baby Reindeer | S1E01 | Episode Discussion 	0	Funny-Avocado9868	Why didn't he ask her why she can't afford anything after all that bragging? It's bothering me.	
", S1E01 ," 	0	Funny-Avocado9868	Why didn't he ask her why she can't afford anything after all that bragging? It's bothering me.	
",0.0,Funny-Avocado9868,Why didn't he ask her why she can't afford anything after all that bragging? It's bothering me.,,0.0,1.0,
241,,"Baby Reindeer | S1E02 | Episode Discussion 	0	Bowiefan73	I wasnâ€™t sure what she was doing. Did she just grab his penis without his consent?	
", S1E02 ," 	0	Bowiefan73	I wasnâ€™t sure what she was doing. Did she just grab his penis without his consent?	
",0.0,Bowiefan73,I wasnâ€™t sure what she was doing. Did she just grab his penis without his consent?,,0.0,1.0,
271,1,"Baby Reindeer | S1E02 | Episode Discussion 	0	Snoo74376	This guys a fucking idiot just tell her to leave	
", S1E02 ," 	0	Snoo74376	This guys a fucking idiot just tell her to leave	
",0.0,Snoo74376,This guys a fucking idiot just tell her to leave,,0.0,1.0,
290,2,"Baby Reindeer | S1E02 | Episode Discussion 	0	hell_to_it_all	I'm just kind of curious in the phone both scene is he doing coke or is it just a weird gesture (edit: saw the coke baggie fall into the toilet later)? Also the trans dating site you signed up on his implications supposed to be that his partner thinks he's trans? Also wondering what his date means when she says ""you're a tremendous liar""	
", S1E02 ," 	0	hell_to_it_all	I'm just kind of curious in the phone both scene is he doing coke or is it just a weird gesture (edit: saw the coke baggie fall into the toilet later)? Also the trans dating site you signed up on his implications supposed to be that his partner thinks he's trans? Also wondering what his date means when she says ""you're a tremendous liar""	
",0.0,hell_to_it_all,"I'm just kind of curious in the phone both scene is he doing coke or is it just a weird gesture (edit: saw the coke baggie fall into the toilet later)? Also the trans dating site you signed up on his implications supposed to be that his partner thinks he's trans? Also wondering what his date means when she says ""you're a tremendous liar""",,0.0,1.0,
291,2,"Baby Reindeer | S1E02 | Episode Discussion 	1	n/a	No, she doesnâ€™t think he is trans. The liar bit just seemed like banter / flirting	
", S1E02 ," 	1	n/a	No, she doesnâ€™t think he is trans. The liar bit just seemed like banter / flirting	
",1.0,,"No, she doesnâ€™t think he is trans. The liar bit just seemed like banter / flirting",290.0,0.0,1.0,
302,1,"Baby Reindeer | S1E02 | Episode Discussion 	1	totesawesomefersh	I donâ€™t think so, she took his heart beating fast as excitement instead of fear. But thatâ€™s my read!	
", S1E02 ," 	1	totesawesomefersh	I donâ€™t think so, she took his heart beating fast as excitement instead of fear. But thatâ€™s my read!	
",1.0,totesawesomefersh,"I donâ€™t think so, she took his heart beating fast as excitement instead of fear. But thatâ€™s my read!",301.0,0.0,1.0,
313,2,"Baby Reindeer | S1E02 | Episode Discussion 	2	Concrete_hugger	Well it's more my internal feelings, but yeah, it's certain actions along with being so detached from reality. Part of it is some of my negative traits that are at 5% in me being dialed up to 100% in her, that feels like a broken mirror to me. Like if they can be helped, sure help them, just away from me.	
", S1E02 ," 	2	Concrete_hugger	Well it's more my internal feelings, but yeah, it's certain actions along with being so detached from reality. Part of it is some of my negative traits that are at 5% in me being dialed up to 100% in her, that feels like a broken mirror to me. Like if they can be helped, sure help them, just away from me.	
",2.0,Concrete_hugger,"Well it's more my internal feelings, but yeah, it's certain actions along with being so detached from reality. Part of it is some of my negative traits that are at 5% in me being dialed up to 100% in her, that feels like a broken mirror to me. Like if they can be helped, sure help them, just away from me.",312.0,0.0,1.0,
340,2,"Baby Reindeer | S1E03 | Episode Discussion 	3	SacoNegr0	Neither a race nor an ethnicity, plus they're in London. I think she's supposed to be read as an indian or middle eastern person, because of the ""boats"" quote	
", S1E03 ," 	3	SacoNegr0	Neither a race nor an ethnicity, plus they're in London. I think she's supposed to be read as an indian or middle eastern person, because of the ""boats"" quote	
",3.0,SacoNegr0,"Neither a race nor an ethnicity, plus they're in London. I think she's supposed to be read as an indian or middle eastern person, because of the ""boats"" quote",339.0,0.0,1.0,
351,2,"Baby Reindeer | S1E03 | Episode Discussion 	6	mortar	Lol I don't know if she's meant to be latina but she's definitely not white. Quite sure that's intentional in the casting as well.	
", S1E03 ," 	6	mortar	Lol I don't know if she's meant to be latina but she's definitely not white. Quite sure that's intentional in the casting as well.	
",6.0,mortar,Lol I don't know if she's meant to be latina but she's definitely not white. Quite sure that's intentional in the casting as well.,350.0,0.0,1.0,
367,1,"Baby Reindeer | S1E03 | Episode Discussion 	2	gmanz33	I find it fascinating that this is how the ex-gf phrased it (a distanced, non-loving way of explaining his situation) when the show is a literal display of all of the actual reasons he kept her around. Loving the drama and 'having nothing in your life to focus on except that drama' or being drawn to that because the rest of your life is scary and/or monotonous? The dude was in the process of coming out in this late 20's, nobody gets out of that unscathed. It's just so funny to me that this show works HARD to explain that he doesn't love the drama as much as he needs and escapes through it, but sure we'll go with the easy summary.	
", S1E03 ," 	2	gmanz33	I find it fascinating that this is how the ex-gf phrased it (a distanced, non-loving way of explaining his situation) when the show is a literal display of all of the actual reasons he kept her around. Loving the drama and 'having nothing in your life to focus on except that drama' or being drawn to that because the rest of your life is scary and/or monotonous? The dude was in the process of coming out in this late 20's, nobody gets out of that unscathed. It's just so funny to me that this show works HARD to explain that he doesn't love the drama as much as he needs and escapes through it, but sure we'll go with the easy summary.	
",2.0,gmanz33,"I find it fascinating that this is how the ex-gf phrased it (a distanced, non-loving way of explaining his situation) when the show is a literal display of all of the actual reasons he kept her around. Loving the drama and 'having nothing in your life to focus on except that drama' or being drawn to that because the rest of your life is scary and/or monotonous? The dude was in the process of coming out in this late 20's, nobody gets out of that unscathed. It's just so funny to me that this show works HARD to explain that he doesn't love the drama as much as he needs and escapes through it, but sure we'll go with the easy summary.",365.0,0.0,1.0,
400,2,"Baby Reindeer | S1E03 | Episode Discussion 	3	Intelligent-Blondie7	lol. I had to rewind to catch when I heard the trans dating sight bc I didnâ€™t think she even looked trans	
", S1E03 ," 	3	Intelligent-Blondie7	lol. I had to rewind to catch when I heard the trans dating sight bc I didnâ€™t think she even looked trans	
",3.0,Intelligent-Blondie7,lol. I had to rewind to catch when I heard the trans dating sight bc I didnâ€™t think she even looked trans,394.0,0.0,1.0,
410,1,"Baby Reindeer | S1E03 | Episode Discussion 	1	n/a	I laughed my ass off after that scene where she was screaming about bum sex and she gets hauled off and he says ""I can't take my mother anywhere"" ðŸ¤£ðŸ¤£ðŸ¤£	
", S1E03 ," 	1	n/a	I laughed my ass off after that scene where she was screaming about bum sex and she gets hauled off and he says ""I can't take my mother anywhere"" ðŸ¤£ðŸ¤£ðŸ¤£	
",1.0,,"I laughed my ass off after that scene where she was screaming about bum sex and she gets hauled off and he says ""I can't take my mother anywhere"" ðŸ¤£ðŸ¤£ðŸ¤£",409.0,0.0,1.0,
412,1,"Baby Reindeer | S1E03 | Episode Discussion 	3	Dickiedoandthedonts	Itâ€™s also a call back to the first show he did when she was laughing so hard	
", S1E03 ," 	3	Dickiedoandthedonts	Itâ€™s also a call back to the first show he did when she was laughing so hard	
",3.0,Dickiedoandthedonts,Itâ€™s also a call back to the first show he did when she was laughing so hard,411.0,0.0,1.0,
416,1,"Baby Reindeer | S1E03 | Episode Discussion 	3	OnTheEveOfWar	I was 100% expecting him to hit that button when she left the room.	
", S1E03 ," 	3	OnTheEveOfWar	I was 100% expecting him to hit that button when she left the room.	
",3.0,OnTheEveOfWar,I was 100% expecting him to hit that button when she left the room.,414.0,0.0,1.0,
441,1,"Baby Reindeer | S1E03 | Episode Discussion 	0	Big_Combination_1635	Not sure if this was this episode or episode 2 but I absolutely loved the detail of the misspelling of sent from my iPhone during one of the flashes of the messages on the screen. We all knew she didnâ€™t have an iPhone but such a good callout to the fact that sheâ€™s so clearly lying	
", S1E03 ," 	0	Big_Combination_1635	Not sure if this was this episode or episode 2 but I absolutely loved the detail of the misspelling of sent from my iPhone during one of the flashes of the messages on the screen. We all knew she didnâ€™t have an iPhone but such a good callout to the fact that sheâ€™s so clearly lying	
",0.0,Big_Combination_1635,Not sure if this was this episode or episode 2 but I absolutely loved the detail of the misspelling of sent from my iPhone during one of the flashes of the messages on the screen. We all knew she didnâ€™t have an iPhone but such a good callout to the fact that sheâ€™s so clearly lying,,0.0,1.0,
462,2,"Baby Reindeer | S1E03 | Episode Discussion 	3	Lost-friend-ship	Gay men are attracted to men. Heâ€™s attracted to women, which makes him straight. If she had a penis then heâ€™s attracted to a trans woman who happens to have a penis. 	
", S1E03 ," 	3	Lost-friend-ship	Gay men are attracted to men. Heâ€™s attracted to women, which makes him straight. If she had a penis then heâ€™s attracted to a trans woman who happens to have a penis. 	
",3.0,Lost-friend-ship,"Gay men are attracted to men. Heâ€™s attracted to women, which makes him straight. If she had a penis then heâ€™s attracted to a trans woman who happens to have a penis. ",461.0,0.0,1.0,
500,2,"Baby Reindeer | S1E03 | Episode Discussion 	4	Regular-Custard-6872	Not sure why this was a controversial takeâ€¦white supremacy wouldnâ€™t define her as â€œwhiteâ€ was my pointâ€¦	
", S1E03 ," 	4	Regular-Custard-6872	Not sure why this was a controversial takeâ€¦white supremacy wouldnâ€™t define her as â€œwhiteâ€ was my pointâ€¦	
",4.0,Regular-Custard-6872,Not sure why this was a controversial takeâ€¦white supremacy wouldnâ€™t define her as â€œwhiteâ€ was my pointâ€¦,499.0,0.0,1.0,
502,2,"Baby Reindeer | S1E03 | Episode Discussion 	4	NoWorkingDaw	The US census literally labeled middle easterners as white though. A lot of which look like her. Stop trying to act like these people are minorities when they arenâ€™t.	
", S1E03 ," 	4	NoWorkingDaw	The US census literally labeled middle easterners as white though. A lot of which look like her. Stop trying to act like these people are minorities when they arenâ€™t.	
",4.0,NoWorkingDaw,The US census literally labeled middle easterners as white though. A lot of which look like her. Stop trying to act like these people are minorities when they arenâ€™t.,499.0,0.0,1.0,
584,2," Baby Reindeer | S1E04 | Episode Discussion 	4	sashavelwhore	Yes! Sometimes I look back at my behavior while with my abuser, and itâ€™s so confusing why I did the things I did. The thought of seeing her would make me nauseous, and then Iâ€™d be hopping on 2 buses and 2 trains to travel 5 hours to be with her for a full weekend. The choices we make donâ€™t always make sense when weâ€™re so deeply manipulated and traumatized, and I appreciate him showing the nuances of that.	
", S1E04 ," 	4	sashavelwhore	Yes! Sometimes I look back at my behavior while with my abuser, and itâ€™s so confusing why I did the things I did. The thought of seeing her would make me nauseous, and then Iâ€™d be hopping on 2 buses and 2 trains to travel 5 hours to be with her for a full weekend. The choices we make donâ€™t always make sense when weâ€™re so deeply manipulated and traumatized, and I appreciate him showing the nuances of that.	
",4.0,sashavelwhore,"Yes! Sometimes I look back at my behavior while with my abuser, and itâ€™s so confusing why I did the things I did. The thought of seeing her would make me nauseous, and then Iâ€™d be hopping on 2 buses and 2 trains to travel 5 hours to be with her for a full weekend. The choices we make donâ€™t always make sense when weâ€™re so deeply manipulated and traumatized, and I appreciate him showing the nuances of that.",583.0,0.0,1.0,
626,2," Baby Reindeer | S1E04 | Episode Discussion 	4	LightSparrow	Oh I see. So if someone was raped it meant they were a â€œgood girlâ€ who wasnâ€™t asking for it. because otherwise it wasnâ€™t rape, if a bad girl was rape it wasnâ€™t really rape bc she was â€œasking for itâ€. I assume that meant you didnâ€™t see yourself as a â€œgood girlâ€ ? Wild how abusers and society can make people feel that way. Sorry that happened	
", S1E04 ," 	4	LightSparrow	Oh I see. So if someone was raped it meant they were a â€œgood girlâ€ who wasnâ€™t asking for it. because otherwise it wasnâ€™t rape, if a bad girl was rape it wasnâ€™t really rape bc she was â€œasking for itâ€. I assume that meant you didnâ€™t see yourself as a â€œgood girlâ€ ? Wild how abusers and society can make people feel that way. Sorry that happened	
",4.0,LightSparrow,"Oh I see. So if someone was raped it meant they were a â€œgood girlâ€ who wasnâ€™t asking for it. because otherwise it wasnâ€™t rape, if a bad girl was rape it wasnâ€™t really rape bc she was â€œasking for itâ€. I assume that meant you didnâ€™t see yourself as a â€œgood girlâ€ ? Wild how abusers and society can make people feel that way. Sorry that happened",625.0,0.0,1.0,
650,1," Baby Reindeer | S1E04 | Episode Discussion 	0	KatKatchabreak	Very powerful and brave to share this experience and yet, in the age of me too, why hasn't his rapist been identified? The irony that he acknowledges the perceived hypocrisy of reporting the stalker but not the rapist and then the Internet going to all lengths to identify a random, mentally ill woman, but not to identify a famous, powerful rapist is extremely upsetting.	
", S1E04 ," 	0	KatKatchabreak	Very powerful and brave to share this experience and yet, in the age of me too, why hasn't his rapist been identified? The irony that he acknowledges the perceived hypocrisy of reporting the stalker but not the rapist and then the Internet going to all lengths to identify a random, mentally ill woman, but not to identify a famous, powerful rapist is extremely upsetting.	
",0.0,KatKatchabreak,"Very powerful and brave to share this experience and yet, in the age of me too, why hasn't his rapist been identified? The irony that he acknowledges the perceived hypocrisy of reporting the stalker but not the rapist and then the Internet going to all lengths to identify a random, mentally ill woman, but not to identify a famous, powerful rapist is extremely upsetting.",,0.0,1.0,
784,2," Baby Reindeer | S1E04 | Episode Discussion 	0	Hot_Presentation8293	Can someone explain the joke he makes â€œmy mom died today, I guess this is what she wouldâ€™ve wanted, me to die with herâ€	
", S1E04 ," 	0	Hot_Presentation8293	Can someone explain the joke he makes â€œmy mom died today, I guess this is what she wouldâ€™ve wanted, me to die with herâ€	
",0.0,Hot_Presentation8293,"Can someone explain the joke he makes â€œmy mom died today, I guess this is what she wouldâ€™ve wanted, me to die with herâ€",,0.0,1.0,
842,1,"Baby Reindeer | S1E05 | Episode Discussion 	2	sympathyofalover	Needing therapy and being courageous enough to be honest can go hand in hand. I donâ€™t see how this was a judgmental comment. He needs it AND she needs it.	
", S1E05 ," 	2	sympathyofalover	Needing therapy and being courageous enough to be honest can go hand in hand. I donâ€™t see how this was a judgmental comment. He needs it AND she needs it.	
",2.0,sympathyofalover,Needing therapy and being courageous enough to be honest can go hand in hand. I donâ€™t see how this was a judgmental comment. He needs it AND she needs it.,839.0,0.0,1.0,
875,1,"Baby Reindeer | S1E05 | Episode Discussion 	3	Logical-Patience-397	What creeps me out the most is that everything else was horrendously misspelled. Except those ""Sent from my iPhone"" tags--until later. She INTENTIONALLY misspelled the other words, and I have no idea why, but it's terrifying that she was controlling her perception to that extent.	
", S1E05 ," 	3	Logical-Patience-397	What creeps me out the most is that everything else was horrendously misspelled. Except those ""Sent from my iPhone"" tags--until later. She INTENTIONALLY misspelled the other words, and I have no idea why, but it's terrifying that she was controlling her perception to that extent.	
",3.0,Logical-Patience-397,"What creeps me out the most is that everything else was horrendously misspelled. Except those ""Sent from my iPhone"" tags--until later. She INTENTIONALLY misspelled the other words, and I have no idea why, but it's terrifying that she was controlling her perception to that extent.",874.0,0.0,1.0,
890,1,"Baby Reindeer | S1E05 | Episode Discussion 	2	Steviesteve1234	Youâ€™re not alone. I think it might be a case of when your brain makes up the letters for you to read the sentence and youâ€™re trying to read it quick before it disappears off screen. Iâ€™m just surprised how many people didnâ€™t notice it first time. But then I thought the fact Donny said she didnâ€™t have one and it was always signed off as one was going to be a bigger plot point than it was in the end.	
", S1E05 ," 	2	Steviesteve1234	Youâ€™re not alone. I think it might be a case of when your brain makes up the letters for you to read the sentence and youâ€™re trying to read it quick before it disappears off screen. Iâ€™m just surprised how many people didnâ€™t notice it first time. But then I thought the fact Donny said she didnâ€™t have one and it was always signed off as one was going to be a bigger plot point than it was in the end.	
",2.0,Steviesteve1234,Youâ€™re not alone. I think it might be a case of when your brain makes up the letters for you to read the sentence and youâ€™re trying to read it quick before it disappears off screen. Iâ€™m just surprised how many people didnâ€™t notice it first time. But then I thought the fact Donny said she didnâ€™t have one and it was always signed off as one was going to be a bigger plot point than it was in the end.,889.0,0.0,1.0,
904,1,"Baby Reindeer | S1E05 | Episode Discussion 	3	brightlove	This is why I think he actually went there and slept with her and that heâ€™s nervous that she would tell them that.	
", S1E05 ," 	3	brightlove	This is why I think he actually went there and slept with her and that heâ€™s nervous that she would tell them that.	
",3.0,brightlove,This is why I think he actually went there and slept with her and that heâ€™s nervous that she would tell them that.,903.0,0.0,1.0,
921,2,"Baby Reindeer | S1E05 | Episode Discussion 	6	kimboai	Damn't... I can relate this to my previous relationship. It was important for my heart but I keep telling myself that - it was terrible person anyways. Like it was no-go anyway. Also my bicycle was stolen. What I'm doing after theft is - scanning for it. Checking for every bicycle rides next to me. Same with previous relationship person. I keep scanning for it - what if I'll see her/him. I'm visiting psychotherapist for 2 years, but this talk in comments is kinda deep. Thank you for that. Maybe you have comments what I can do in these situations. Because your example is my life... Crazy	
", S1E05 ," 	6	kimboai	Damn't... I can relate this to my previous relationship. It was important for my heart but I keep telling myself that - it was terrible person anyways. Like it was no-go anyway. Also my bicycle was stolen. What I'm doing after theft is - scanning for it. Checking for every bicycle rides next to me. Same with previous relationship person. I keep scanning for it - what if I'll see her/him. I'm visiting psychotherapist for 2 years, but this talk in comments is kinda deep. Thank you for that. Maybe you have comments what I can do in these situations. Because your example is my life... Crazy	
",6.0,kimboai,"Damn't... I can relate this to my previous relationship. It was important for my heart but I keep telling myself that - it was terrible person anyways. Like it was no-go anyway. Also my bicycle was stolen. What I'm doing after theft is - scanning for it. Checking for every bicycle rides next to me. Same with previous relationship person. I keep scanning for it - what if I'll see her/him. I'm visiting psychotherapist for 2 years, but this talk in comments is kinda deep. Thank you for that. Maybe you have comments what I can do in these situations. Because your example is my life... Crazy",920.0,0.0,1.0,
939,1,"Baby Reindeer | S1E05 | Episode Discussion 	1	loathing_thyself	Donny said in the first episode (I think) that she didnâ€™t have an iPhone. It was also very obvious that she was typing that.	
", S1E05 ," 	1	loathing_thyself	Donny said in the first episode (I think) that she didnâ€™t have an iPhone. It was also very obvious that she was typing that.	
",1.0,loathing_thyself,Donny said in the first episode (I think) that she didnâ€™t have an iPhone. It was also very obvious that she was typing that.,938.0,0.0,1.0,
942,1,"Baby Reindeer | S1E05 | Episode Discussion 	2	II_Vortex_II	Was it? I just assumed she has two phones lol (she has a lot of phones in her kitchen drawer)	
", S1E05 ," 	2	II_Vortex_II	Was it? I just assumed she has two phones lol (she has a lot of phones in her kitchen drawer)	
",2.0,II_Vortex_II,Was it? I just assumed she has two phones lol (she has a lot of phones in her kitchen drawer),939.0,0.0,1.0,
948,1,"Baby Reindeer | S1E05 | Episode Discussion 	1	empathicgenxer	The show is very clear about her not having one. There are many typos that appear throughout the series. I think there's one in episode 3 that says just ""iphonn"" nothing else.	
", S1E05 ," 	1	empathicgenxer	The show is very clear about her not having one. There are many typos that appear throughout the series. I think there's one in episode 3 that says just ""iphonn"" nothing else.	
",1.0,empathicgenxer,"The show is very clear about her not having one. There are many typos that appear throughout the series. I think there's one in episode 3 that says just ""iphonn"" nothing else.",938.0,0.0,1.0,
950,1,"Baby Reindeer | S1E05 | Episode Discussion 	2	SweatyMammal	I think some people may have thought she does have an iPhone but just mimics the message on emails sent from her laptop.	
", S1E05 ," 	2	SweatyMammal	I think some people may have thought she does have an iPhone but just mimics the message on emails sent from her laptop.	
",2.0,SweatyMammal,I think some people may have thought she does have an iPhone but just mimics the message on emails sent from her laptop.,948.0,0.0,1.0,
952,1,"Baby Reindeer | S1E05 | Episode Discussion 	1	7goko7	She may or may not have one, but we have seen many many typos throughout the entire show, which lets us assume that majority of the time she isn't using an iPhone.	
", S1E05 ," 	1	7goko7	She may or may not have one, but we have seen many many typos throughout the entire show, which lets us assume that majority of the time she isn't using an iPhone.	
",1.0,7goko7,"She may or may not have one, but we have seen many many typos throughout the entire show, which lets us assume that majority of the time she isn't using an iPhone.",938.0,0.0,1.0,
962,1,"Baby Reindeer | S1E06 | Episode Discussion 	1	Book_Ends44	Yes that was insane! Why was he seemingly siding with the clearly mentally unwell woman, and actually googling and goading him?! I was (momentarily) so elated when he finally told the guy to google her shit instead!	
", S1E06 ," 	1	Book_Ends44	Yes that was insane! Why was he seemingly siding with the clearly mentally unwell woman, and actually googling and goading him?! I was (momentarily) so elated when he finally told the guy to google her shit instead!	
",1.0,Book_Ends44,"Yes that was insane! Why was he seemingly siding with the clearly mentally unwell woman, and actually googling and goading him?! I was (momentarily) so elated when he finally told the guy to google her shit instead!",961.0,0.0,1.0,
971,1,"Baby Reindeer | S1E06 | Episode Discussion 	1	butineurope	Yeah I didn't buy it either. She was really obviously unhinged in that bit.	
", S1E06 ," 	1	butineurope	Yeah I didn't buy it either. She was really obviously unhinged in that bit.	
",1.0,butineurope,Yeah I didn't buy it either. She was really obviously unhinged in that bit.,961.0,0.0,1.0,
991,2,"Baby Reindeer | S1E06 | Episode Discussion 	5	EveryoneHatesMilk	It matters to future Redditors who may stumble upon her comment and become victims of spoilers. Richard Gadd is a great person	
", S1E06 ," 	5	EveryoneHatesMilk	It matters to future Redditors who may stumble upon her comment and become victims of spoilers. Richard Gadd is a great person	
",5.0,EveryoneHatesMilk,It matters to future Redditors who may stumble upon her comment and become victims of spoilers. Richard Gadd is a great person,990.0,0.0,1.0,
997,2,"Baby Reindeer | S1E06 | Episode Discussion 	2	EveryoneHatesMilk	>!Now looking back, **thereâ€™s no mention of the viral video in Episode 6â€¦** I realized u/Useful-Confidence **SPOILED EPISODE 7**, idk why this redditor would spoil information from Episode 7 that happens towards the beginning of that episode.!< **I hope the subreddit rules violated by redditor u/Useful-Confidence didnâ€™t spoil Episode 7 for you too (**like it did for me**) and I hope their comment doesnâ€™t spoil Episode 7 for other future Redditors who havenâ€™t yet watched Episode 7 and stumble upon her comment to also become victims of a spoilerâ€¦** Idk why u/Useful-Confidence broke the Subreddit rules by discussing future episode content and idk why they didnâ€™t use Redditâ€™s spoiler text-concealing featureâ€¦ [Anyways, if you want to watch the viral video, hereâ€™s the link](https://youtu.be/XwezEmsp8uY?si=5-HOs7UDUL6n7LFN) I just hope u/Useful-Confidence fixes their original comment containing the spoiler so that it protects future Redditors from also becoming victimsâ€¦	
", S1E06 ," 	2	EveryoneHatesMilk	>!Now looking back, **thereâ€™s no mention of the viral video in Episode 6â€¦** I realized u/Useful-Confidence **SPOILED EPISODE 7**, idk why this redditor would spoil information from Episode 7 that happens towards the beginning of that episode.!< **I hope the subreddit rules violated by redditor u/Useful-Confidence didnâ€™t spoil Episode 7 for you too (**like it did for me**) and I hope their comment doesnâ€™t spoil Episode 7 for other future Redditors who havenâ€™t yet watched Episode 7 and stumble upon her comment to also become victims of a spoilerâ€¦** Idk why u/Useful-Confidence broke the Subreddit rules by discussing future episode content and idk why they didnâ€™t use Redditâ€™s spoiler text-concealing featureâ€¦ [Anyways, if you want to watch the viral video, hereâ€™s the link](https://youtu.be/XwezEmsp8uY?si=5-HOs7UDUL6n7LFN) I just hope u/Useful-Confidence fixes their original comment containing the spoiler so that it protects future Redditors from also becoming victimsâ€¦	
",2.0,EveryoneHatesMilk,">!Now looking back, **thereâ€™s no mention of the viral video in Episode 6â€¦** I realized u/Useful-Confidence **SPOILED EPISODE 7**, idk why this redditor would spoil information from Episode 7 that happens towards the beginning of that episode.!< **I hope the subreddit rules violated by redditor u/Useful-Confidence didnâ€™t spoil Episode 7 for you too (**like it did for me**) and I hope their comment doesnâ€™t spoil Episode 7 for other future Redditors who havenâ€™t yet watched Episode 7 and stumble upon her comment to also become victims of a spoilerâ€¦** Idk why u/Useful-Confidence broke the Subreddit rules by discussing future episode content and idk why they didnâ€™t use Redditâ€™s spoiler text-concealing featureâ€¦ [Anyways, if you want to watch the viral video, hereâ€™s the link](https://youtu.be/XwezEmsp8uY?si=5-HOs7UDUL6n7LFN) I just hope u/Useful-Confidence fixes their original comment containing the spoiler so that it protects future Redditors from also becoming victimsâ€¦",996.0,0.0,1.0,
1006,1,"Baby Reindeer | S1E06 | Episode Discussion 	1	Alternative_Cry8791	She doesnâ€™t have an iPhone which Donny said in episode 1 and thereâ€™s been multiple typos of iPhone (since sheâ€™s the one manually typing it). Every time one of her emails pops up I laugh at the new way she can rearrange the letters ðŸ˜‚	
", S1E06 ," 	1	Alternative_Cry8791	She doesnâ€™t have an iPhone which Donny said in episode 1 and thereâ€™s been multiple typos of iPhone (since sheâ€™s the one manually typing it). Every time one of her emails pops up I laugh at the new way she can rearrange the letters ðŸ˜‚	
",1.0,Alternative_Cry8791,She doesnâ€™t have an iPhone which Donny said in episode 1 and thereâ€™s been multiple typos of iPhone (since sheâ€™s the one manually typing it). Every time one of her emails pops up I laugh at the new way she can rearrange the letters ðŸ˜‚,1005.0,0.0,1.0,
1009,1,"Baby Reindeer | S1E06 | Episode Discussion 	1	Sepulz	Multiple and the angrier she is the worse the spelling.	
", S1E06 ," 	1	Sepulz	Multiple and the angrier she is the worse the spelling.	
",1.0,Sepulz,Multiple and the angrier she is the worse the spelling.,1005.0,0.0,1.0,
1015,1,"Baby Reindeer | S1E06 | Episode Discussion 	2	bl4zed_N_C0nfus3d	Yeah crazy to think she was going so crazy she could hardly type. Lady is a nutcase.	
", S1E06 ," 	2	bl4zed_N_C0nfus3d	Yeah crazy to think she was going so crazy she could hardly type. Lady is a nutcase.	
",2.0,bl4zed_N_C0nfus3d,Yeah crazy to think she was going so crazy she could hardly type. Lady is a nutcase.,1014.0,0.0,1.0,
1016,1,"Baby Reindeer | S1E06 | Episode Discussion 	1	LooneyTunes-	Itâ€™s in LITERALLY every single episode. Sometimes she types only â€œiphonâ€ instead of â€œsent from my iPhoneâ€ Iâ€™m not trying to be rude but my god did you watch the show or were you looking at your own iPhone every single episode	
", S1E06 ," 	1	LooneyTunes-	Itâ€™s in LITERALLY every single episode. Sometimes she types only â€œiphonâ€ instead of â€œsent from my iPhoneâ€ Iâ€™m not trying to be rude but my god did you watch the show or were you looking at your own iPhone every single episode	
",1.0,LooneyTunes-,Itâ€™s in LITERALLY every single episode. Sometimes she types only â€œiphonâ€ instead of â€œsent from my iPhoneâ€ Iâ€™m not trying to be rude but my god did you watch the show or were you looking at your own iPhone every single episode,1005.0,0.0,1.0,
1022,1,"Baby Reindeer | S1E06 | Episode Discussion 	2	311heaven	Yeah I saw the â€œand then she winsâ€ explanation. But it seems like if someone was really destroying your life and it is exclusively through email, you would simply can that email. No one would view that as letting her win?	
", S1E06 ," 	2	311heaven	Yeah I saw the â€œand then she winsâ€ explanation. But it seems like if someone was really destroying your life and it is exclusively through email, you would simply can that email. No one would view that as letting her win?	
",2.0,311heaven,"Yeah I saw the â€œand then she winsâ€ explanation. But it seems like if someone was really destroying your life and it is exclusively through email, you would simply can that email. No one would view that as letting her win?",1021.0,0.0,1.0,
1030,1,"Baby Reindeer | S1E06 | Episode Discussion 	0	Merwie	When he told her that she has to stop or they wonâ€™t be able to be togetherâ€¦ Iâ€˜ve lost it, I had to pause it out of rage. DONNY WHY DO YOU KEEP DOING IT Edit: Okay. There was actually some sanity behind it, Iâ€˜m glad.	
", S1E06 ," 	0	Merwie	When he told her that she has to stop or they wonâ€™t be able to be togetherâ€¦ Iâ€˜ve lost it, I had to pause it out of rage. DONNY WHY DO YOU KEEP DOING IT Edit: Okay. There was actually some sanity behind it, Iâ€˜m glad.	
",0.0,Merwie,"When he told her that she has to stop or they wonâ€™t be able to be togetherâ€¦ Iâ€˜ve lost it, I had to pause it out of rage. DONNY WHY DO YOU KEEP DOING IT Edit: Okay. There was actually some sanity behind it, Iâ€˜m glad.",,0.0,1.0,
1060,2,"Baby Reindeer | S1E07 | Episode Discussion 	1	alliandoalice	Sad that sheâ€™s moved on with a new guy	
", S1E07 ," 	1	alliandoalice	Sad that sheâ€™s moved on with a new guy	
",1.0,alliandoalice,Sad that sheâ€™s moved on with a new guy,1054.0,0.0,1.0,
1061,2,"Baby Reindeer | S1E07 | Episode Discussion 	2	Newaway567	For Donny, yes. But realistically, heâ€™s not ready to be a healthy relationship partner for her right now, so itâ€™s better for her to have moved on.	
", S1E07 ," 	2	Newaway567	For Donny, yes. But realistically, heâ€™s not ready to be a healthy relationship partner for her right now, so itâ€™s better for her to have moved on.	
",2.0,Newaway567,"For Donny, yes. But realistically, heâ€™s not ready to be a healthy relationship partner for her right now, so itâ€™s better for her to have moved on.",1060.0,0.0,1.0,
1062,2,"Baby Reindeer | S1E07 | Episode Discussion 	3	StickYaInTheRizzla	Ya defo for the best for her	
", S1E07 ," 	3	StickYaInTheRizzla	Ya defo for the best for her	
",3.0,StickYaInTheRizzla,Ya defo for the best for her,1061.0,0.0,1.0,
1063,2,"Baby Reindeer | S1E07 | Episode Discussion 	2	osaka-aquabus	she deserves better than Donny.	
", S1E07 ," 	2	osaka-aquabus	she deserves better than Donny.	
",2.0,osaka-aquabus,she deserves better than Donny.,1060.0,0.0,1.0,
1079,2,"Baby Reindeer | S1E07 | Episode Discussion 	6	Apterygiformes	Watch out, she's demented	
", S1E07 ," 	6	Apterygiformes	Watch out, she's demented	
",6.0,Apterygiformes,"Watch out, she's demented",1078.0,0.0,1.0,
1140,2,"Baby Reindeer | S1E07 | Episode Discussion 	4	AnnieNonmouse	I mean it's his story to tell so I think she should be able to tell it however her wants, pessimistic or not. He doesn't owe us a tale or closure or empowerment, many of us don't get that in life after trauma and abuse.	
", S1E07 ," 	4	AnnieNonmouse	I mean it's his story to tell so I think she should be able to tell it however her wants, pessimistic or not. He doesn't owe us a tale or closure or empowerment, many of us don't get that in life after trauma and abuse.	
",4.0,AnnieNonmouse,"I mean it's his story to tell so I think she should be able to tell it however her wants, pessimistic or not. He doesn't owe us a tale or closure or empowerment, many of us don't get that in life after trauma and abuse.",1139.0,0.0,1.0,
1150,1,"Baby Reindeer | S1E07 | Episode Discussion 	1	Ok_Nefariousness1245	There were too many red flags and abuse. But she also gave attention, validation, and affection during one of my lowest time in my life. Iâ€™m a logical person. I know right from wrong. I went to meet her to break up, but as soon as I saw her, even though she was verbally abusing me, I craved for that initial attention, validation, and affection she once gave me. I still need it. I didnâ€™t end up following through with the break up. I couldnâ€™t even mutter a word. I was in a trance. Back to my old self. Begging to be loved. Thatâ€™s how I related to that scene. Hope it helps	
", S1E07 ," 	1	Ok_Nefariousness1245	There were too many red flags and abuse. But she also gave attention, validation, and affection during one of my lowest time in my life. Iâ€™m a logical person. I know right from wrong. I went to meet her to break up, but as soon as I saw her, even though she was verbally abusing me, I craved for that initial attention, validation, and affection she once gave me. I still need it. I didnâ€™t end up following through with the break up. I couldnâ€™t even mutter a word. I was in a trance. Back to my old self. Begging to be loved. Thatâ€™s how I related to that scene. Hope it helps	
",1.0,Ok_Nefariousness1245,"There were too many red flags and abuse. But she also gave attention, validation, and affection during one of my lowest time in my life. Iâ€™m a logical person. I know right from wrong. I went to meet her to break up, but as soon as I saw her, even though she was verbally abusing me, I craved for that initial attention, validation, and affection she once gave me. I still need it. I didnâ€™t end up following through with the break up. I couldnâ€™t even mutter a word. I was in a trance. Back to my old self. Begging to be loved. Thatâ€™s how I related to that scene. Hope it helps",1133.0,0.0,1.0,
1168,1,"Baby Reindeer | S1E07 | Episode Discussion 	0	haeddre83	This show made me understand myself in ways no therapy was ever able to do. The last scene, I think he not only realized they were the same, but that he had become her safe place and she had become his....in the most toxic way possible. Trauma changes people and those that haven't experienced can never understand.	
", S1E07 ," 	0	haeddre83	This show made me understand myself in ways no therapy was ever able to do. The last scene, I think he not only realized they were the same, but that he had become her safe place and she had become his....in the most toxic way possible. Trauma changes people and those that haven't experienced can never understand.	
",0.0,haeddre83,"This show made me understand myself in ways no therapy was ever able to do. The last scene, I think he not only realized they were the same, but that he had become her safe place and she had become his....in the most toxic way possible. Trauma changes people and those that haven't experienced can never understand.",,0.0,1.0,
1169,1,"Baby Reindeer | S1E07 | Episode Discussion 	0	Anhowa123	incredibly moving and brave story that final scene hit me like a ton of bricks. My abuser had a similar thing - a pet name given to me (albeit at the time I 'loved it' - eg the affection she'd show between hating and tearing me apart) that was equally a result of being seen as this 'saviour' or pure goodness from her own trauma. I remember reading years ago about this, how someone prone to such illness creates you as this perfect image and saviour in their brain, their inner child needing safety from their trauma earlier in their life and when you aren't that, in whatever form that may be, they hate you for it. To them you are both their only saviour and their source of pain, and only you can solve it. Bit of a tangent as I reflect on the illness my abuser suffered with, but man just kudos on this show. I was in floods of tears the last 2 episodes or so.	
", S1E07 ," 	0	Anhowa123	incredibly moving and brave story that final scene hit me like a ton of bricks. My abuser had a similar thing - a pet name given to me (albeit at the time I 'loved it' - eg the affection she'd show between hating and tearing me apart) that was equally a result of being seen as this 'saviour' or pure goodness from her own trauma. I remember reading years ago about this, how someone prone to such illness creates you as this perfect image and saviour in their brain, their inner child needing safety from their trauma earlier in their life and when you aren't that, in whatever form that may be, they hate you for it. To them you are both their only saviour and their source of pain, and only you can solve it. Bit of a tangent as I reflect on the illness my abuser suffered with, but man just kudos on this show. I was in floods of tears the last 2 episodes or so.	
",0.0,Anhowa123,"incredibly moving and brave story that final scene hit me like a ton of bricks. My abuser had a similar thing - a pet name given to me (albeit at the time I 'loved it' - eg the affection she'd show between hating and tearing me apart) that was equally a result of being seen as this 'saviour' or pure goodness from her own trauma. I remember reading years ago about this, how someone prone to such illness creates you as this perfect image and saviour in their brain, their inner child needing safety from their trauma earlier in their life and when you aren't that, in whatever form that may be, they hate you for it. To them you are both their only saviour and their source of pain, and only you can solve it. Bit of a tangent as I reflect on the illness my abuser suffered with, but man just kudos on this show. I was in floods of tears the last 2 episodes or so.",,0.0,1.0,
1188,2,"Baby Reindeer | S1E07 | Episode Discussion 	0	Palpitation-Medical	Omg what if she sees this and starts up again. Iâ€™m scared! Haha Alsoâ€¦I was crying my eyes out when my neighbour knocked on my door to ask a favour. Very awkward.	
", S1E07 ," 	0	Palpitation-Medical	Omg what if she sees this and starts up again. Iâ€™m scared! Haha Alsoâ€¦I was crying my eyes out when my neighbour knocked on my door to ask a favour. Very awkward.	
",0.0,Palpitation-Medical,Omg what if she sees this and starts up again. Iâ€™m scared! Haha Alsoâ€¦I was crying my eyes out when my neighbour knocked on my door to ask a favour. Very awkward.,,0.0,1.0,
1189,1,"Baby Reindeer | S1E07 | Episode Discussion 	1	Kabluwi	Her social media accounts are very telling, looked her up out of curiosity after the show and was shocked. I just hope now that the story is out there someone can reach out and offer the help she needs beyond being in prison.	
", S1E07 ," 	1	Kabluwi	Her social media accounts are very telling, looked her up out of curiosity after the show and was shocked. I just hope now that the story is out there someone can reach out and offer the help she needs beyond being in prison.	
",1.0,Kabluwi,"Her social media accounts are very telling, looked her up out of curiosity after the show and was shocked. I just hope now that the story is out there someone can reach out and offer the help she needs beyond being in prison.",1188.0,0.0,1.0,
1190,1,"Baby Reindeer | S1E07 | Episode Discussion 	2	BeastTitanVI	Whatâ€™s her ig?	
", S1E07 ," 	2	BeastTitanVI	Whatâ€™s her ig?	
",2.0,BeastTitanVI,Whatâ€™s her ig?,1189.0,0.0,1.0,
1195,1,"Baby Reindeer | S1E07 | Episode Discussion 	0	Mother_Film7186	This show is crazyyyy i thought it was gonna be just a banter UK show but omg what a wild ride ! So raw so real itâ€™s covered so many topics I donâ€™t even know where to start. This hit home for me so much personally because of the grooming and abuse of power especially in the entertainment industry . The fact that the stalker wasnâ€™t even the main plot of this story .. this is one of the best shows iâ€™ve watched in a. long time!This is a proper limited series. The fact that itâ€™s a real story just boggles my brain. It made me feel like i need to be in therapy for a lot of things in my life tooðŸ˜‚ðŸ˜­	
", S1E07 ," 	0	Mother_Film7186	This show is crazyyyy i thought it was gonna be just a banter UK show but omg what a wild ride ! So raw so real itâ€™s covered so many topics I donâ€™t even know where to start. This hit home for me so much personally because of the grooming and abuse of power especially in the entertainment industry . The fact that the stalker wasnâ€™t even the main plot of this story .. this is one of the best shows iâ€™ve watched in a. long time!This is a proper limited series. The fact that itâ€™s a real story just boggles my brain. It made me feel like i need to be in therapy for a lot of things in my life tooðŸ˜‚ðŸ˜­	
",0.0,Mother_Film7186,This show is crazyyyy i thought it was gonna be just a banter UK show but omg what a wild ride ! So raw so real itâ€™s covered so many topics I donâ€™t even know where to start. This hit home for me so much personally because of the grooming and abuse of power especially in the entertainment industry . The fact that the stalker wasnâ€™t even the main plot of this story .. this is one of the best shows iâ€™ve watched in a. long time!This is a proper limited series. The fact that itâ€™s a real story just boggles my brain. It made me feel like i need to be in therapy for a lot of things in my life tooðŸ˜‚ðŸ˜­,,0.0,1.0,
1199,1,"Baby Reindeer | S1E07 | Episode Discussion 	0	hot_miss_inside	I've not seen anyone say this, but I bawled like a baby hearing her explain ""baby reindeer"". She had horrific abuse and the only constant was her little stuffed animal. She equated him to that toy and seeing her cry when they were taking her to jail just made me feel so incredibly sad for her and what she went through. People with complex trauma like her need intense therapy, not prison (which often just exacerbates their symptoms).	
", S1E07 ," 	0	hot_miss_inside	I've not seen anyone say this, but I bawled like a baby hearing her explain ""baby reindeer"". She had horrific abuse and the only constant was her little stuffed animal. She equated him to that toy and seeing her cry when they were taking her to jail just made me feel so incredibly sad for her and what she went through. People with complex trauma like her need intense therapy, not prison (which often just exacerbates their symptoms).	
",0.0,hot_miss_inside,"I've not seen anyone say this, but I bawled like a baby hearing her explain ""baby reindeer"". She had horrific abuse and the only constant was her little stuffed animal. She equated him to that toy and seeing her cry when they were taking her to jail just made me feel so incredibly sad for her and what she went through. People with complex trauma like her need intense therapy, not prison (which often just exacerbates their symptoms).",,0.0,1.0,
